{"cameraMode":{"drawMode":0,"name":"Shaded","section":"Shading Mode"},"sceneLighting":true,"audioPlay":false,"sceneViewState":{"showFog":true,"showMaterialUpdate":false,"showSkybox":true,"showFlares":true,"showImageEffects":true,"showParticleSystems":true},"in2DMode":false,"pivot":{"x":934.4929809570313,"y":481.4443359375,"z":-0.05548875778913498},"rotation":{"x":0.0009483254980295897,"y":0.09405936300754547,"z":-0.0004917448968626559,"w":-0.995652437210083},"size":1567.3289794921875,"orthographic":true}