{"cameraMode":{"drawMode":0,"name":"Shaded","section":"Shading Mode"},"sceneLighting":true,"audioPlay":false,"sceneViewState":{"showFog":true,"showMaterialUpdate":false,"showSkybox":true,"showFlares":true,"showImageEffects":true,"showParticleSystems":true},"in2DMode":false,"pivot":{"x":3.2438507080078127,"y":-0.37517333030700686,"z":6.356164455413818},"rotation":{"x":-0.1855086386203766,"y":-0.11117012798786164,"z":0.02112749218940735,"w":-0.976107656955719},"size":5.156205177307129,"orthographic":false}